{"count":1,"self":747.0367744,"total":21648.597013,"children":{"InitializeActuators":{"count":48,"self":0.0011899999999999999,"total":0.0011899999999999999,"children":null},"InitializeSensors":{"count":48,"self":0.002373,"total":0.002373,"children":null},"AgentSendState":{"count":652134,"self":375.60302079999997,"total":577.876297,"children":{"CollectObservations":{"count":6261024,"self":17.3972992,"total":17.397299999999998,"children":null},"WriteActionMask":{"count":6261024,"self":1.919296,"total":1.919296,"children":null},"RequestDecision":{"count":6261024,"self":10.240195199999999,"total":182.956674,"children":{"AgentInfo.ToProto":{"count":6261024,"self":10.398320799999999,"total":172.716479,"children":{"GenerateSensorData":{"count":6261024,"self":146.431616,"total":162.31815799999998,"children":{"RayPerceptionSensor.Perceive":{"count":12522048,"self":15.886537599999999,"total":15.886536999999999,"children":null}}}}}}}}},"DecideAction":{"count":652134,"self":20215.914495999998,"total":20215.914424,"children":null},"AgentAct":{"count":652134,"self":107.72088319999999,"total":107.720884,"children":null},"AgentInfo.ToProto":{"count":1566,"self":0.003085,"total":0.044605,"children":{"GenerateSensorData":{"count":1566,"self":0.036764,"total":0.04152,"children":{"RayPerceptionSensor.Perceive":{"count":3132,"self":0.004756,"total":0.004756,"children":null}}}}}},"gauges":{"SoccerAgentAdvanced.CumulativeReward":{"count":1566,"max":1.379552,"min":-0.999886751,"runningAverage":-0.4981881,"value":-0.017121803,"weightedAverage":-0.117492646}},"metadata":{"timer_format_version":"0.1.0","start_time_seconds":"1673241485","unity_version":"2021.3.16f1","command_line_arguments":"\/Applications\/Unity\/Hub\/Editor\/2021.3.16f1\/Unity.app\/Contents\/MacOS\/Unity -projectpath \/Users\/animeshagrawal\/repositories\/SoccerPPO -useHub -hubIPC -cloudEnvironment production -licensingIpc LicenseClient-animeshagrawal -hubSessionId a2517730-8d88-11ed-bb6a-c91b0a3d73b7","communication_protocol_version":"1.5.0","com.unity.ml-agents_version":"2.0.1","scene_name":"AdvancedTrain3v3","end_time_seconds":"1673263134"}}