{"count":1,"self":60.609382399999994,"total":64.707428,"children":{"InitializeActuators":{"count":4,"self":0.0009549999999999999,"total":0.0009549999999999999,"children":null},"InitializeSensors":{"count":4,"self":0.0016699999999999998,"total":0.0016699999999999998,"children":null},"AgentSendState":{"count":3182,"self":0.108572,"total":0.12695199999999998,"children":{"CollectObservations":{"count":2548,"self":0.00095,"total":0.00095,"children":null},"WriteActionMask":{"count":2548,"self":0.001762,"total":0.001762,"children":null},"RequestDecision":{"count":2548,"self":0.01368,"total":0.015667999999999998,"children":{"RayPerceptionSensor.Perceive":{"count":1274,"self":0.0019879999999999997,"total":0.0019879999999999997,"children":null}}}}},"DecideAction":{"count":3182,"self":0.578522,"total":0.581921,"children":{"RayPerceptionSensor.Perceive":{"count":3822,"self":0.0033989999999999997,"total":0.0033989999999999997,"children":null}}},"AgentAct":{"count":3182,"self":3.3860288,"total":3.3860289999999997,"children":null},"RayPerceptionSensor.Perceive":{"count":14,"self":2.4E-05,"total":2.4E-05,"children":null}},"gauges":{"SoccerAgent.CumulativeReward":{"count":28,"max":-0.00667999126,"min":-0.02004008,"runningAverage":-0.0116285924,"value":-0.02004008,"weightedAverage":-0.01819202}},"metadata":{"timer_format_version":"0.1.0","start_time_seconds":"1673105722","unity_version":"2021.3.16f1","command_line_arguments":"\/Applications\/Unity\/Hub\/Editor\/2021.3.16f1\/Unity.app\/Contents\/MacOS\/Unity -projectpath \/Users\/animeshagrawal\/repositories\/SoccerPPO -useHub -hubIPC -cloudEnvironment production -licensingIpc LicenseClient-animeshagrawal -hubSessionId a2517730-8d88-11ed-bb6a-c91b0a3d73b7","communication_protocol_version":"1.5.0","com.unity.ml-agents_version":"2.0.1","scene_name":"Playerv3Agent","end_time_seconds":"1673105787"}}