{
    "name": "root",
    "gauges": {
        "SoccerAgent.Policy.Entropy.mean": {
            "value": 3.2955141067504883,
            "min": 3.2953882217407227,
            "max": 3.2957074642181396,
            "count": 7
        },
        "SoccerAgent.Policy.Entropy.sum": {
            "value": 37173.3984375,
            "min": 36224.7734375,
            "max": 193787.59375,
            "count": 7
        },
        "SoccerAgent.Environment.LessonNumber.ball_touch.mean": {
            "value": 0.0,
            "min": 0.0,
            "max": 0.0,
            "count": 7
        },
        "SoccerAgent.Environment.LessonNumber.ball_touch.sum": {
            "value": 0.0,
            "min": 0.0,
            "max": 0.0,
            "count": 7
        },
        "SoccerAgent.Step.mean": {
            "value": 69351.0,
            "min": 9000.0,
            "max": 69351.0,
            "count": 7
        },
        "SoccerAgent.Step.sum": {
            "value": 69351.0,
            "min": 9000.0,
            "max": 69351.0,
            "count": 7
        },
        "SoccerAgent.Policy.ExtrinsicBaselineEstimate.mean": {
            "value": -0.07818515598773956,
            "min": -0.09734278917312622,
            "max": -0.07537779957056046,
            "count": 7
        },
        "SoccerAgent.Policy.ExtrinsicBaselineEstimate.sum": {
            "value": -0.781851589679718,
            "min": -1.4174890518188477,
            "max": -0.7537779808044434,
            "count": 7
        },
        "SoccerAgent.Policy.ExtrinsicValueEstimate.mean": {
            "value": -0.07876406610012054,
            "min": -0.09727363288402557,
            "max": -0.07633019983768463,
            "count": 7
        },
        "SoccerAgent.Policy.ExtrinsicValueEstimate.sum": {
            "value": -0.7876406311988831,
            "min": -1.4180442094802856,
            "max": -0.7633019685745239,
            "count": 7
        },
        "SoccerAgent.Environment.EpisodeLength.mean": {
            "value": 2012.5,
            "min": 1216.0,
            "max": 2692.0,
            "count": 4
        },
        "SoccerAgent.Environment.EpisodeLength.sum": {
            "value": 24150.0,
            "min": 7296.0,
            "max": 31224.0,
            "count": 4
        },
        "SoccerAgent.IsTraining.mean": {
            "value": 1.0,
            "min": 1.0,
            "max": 1.0,
            "count": 7
        },
        "SoccerAgent.IsTraining.sum": {
            "value": 1.0,
            "min": 1.0,
            "max": 1.0,
            "count": 7
        },
        "SoccerAgent.Self-play.ELO.mean": {
            "value": 1199.0147209271438,
            "min": 1199.0147209271438,
            "max": 1199.6282265962009,
            "count": 2
        },
        "SoccerAgent.Self-play.ELO.sum": {
            "value": 3597.0441627814316,
            "min": 3597.0441627814316,
            "max": 14395.53871915441,
            "count": 2
        },
        "SoccerAgent.Environment.CumulativeReward.mean": {
            "value": -0.08851994946599007,
            "min": -0.4385198950767517,
            "max": -0.08851994946599007,
            "count": 4
        },
        "SoccerAgent.Environment.CumulativeReward.sum": {
            "value": -0.17703989893198013,
            "min": -2.000639632344246,
            "max": -0.17703989893198013,
            "count": 4
        },
        "SoccerAgent.Policy.ExtrinsicReward.mean": {
            "value": -1.615559957921505,
            "min": -1.615559995174408,
            "max": -0.2060801237821579,
            "count": 4
        },
        "SoccerAgent.Policy.ExtrinsicReward.sum": {
            "value": -3.23111991584301,
            "min": -3.695919632911682,
            "max": -0.4121602475643158,
            "count": 4
        },
        "SoccerAgent.Environment.GroupCumulativeReward.mean": {
            "value": -1.0,
            "min": -1.0,
            "max": 0.623479962348938,
            "count": 4
        },
        "SoccerAgent.Environment.GroupCumulativeReward.sum": {
            "value": -2.0,
            "min": -2.0,
            "max": 2.0060001015663147,
            "count": 4
        },
        "SoccerAgent.Losses.PolicyLoss.mean": {
            "value": 0.019460959416447265,
            "min": 0.018949194979440007,
            "max": 0.019460959416447265,
            "count": 2
        },
        "SoccerAgent.Losses.PolicyLoss.sum": {
            "value": 0.019460959416447265,
            "min": 0.018949194979440007,
            "max": 0.019460959416447265,
            "count": 2
        },
        "SoccerAgent.Losses.ValueLoss.mean": {
            "value": 0.001878476685802029,
            "min": 0.0016849628284237245,
            "max": 0.001878476685802029,
            "count": 2
        },
        "SoccerAgent.Losses.ValueLoss.sum": {
            "value": 0.001878476685802029,
            "min": 0.0016849628284237245,
            "max": 0.001878476685802029,
            "count": 2
        },
        "SoccerAgent.Losses.BaselineLoss.mean": {
            "value": 0.0018988894722001119,
            "min": 0.0016902989526796672,
            "max": 0.0018988894722001119,
            "count": 2
        },
        "SoccerAgent.Losses.BaselineLoss.sum": {
            "value": 0.0018988894722001119,
            "min": 0.0016902989526796672,
            "max": 0.0018988894722001119,
            "count": 2
        },
        "SoccerAgent.Policy.LearningRate.mean": {
            "value": 3e-05,
            "min": 3e-05,
            "max": 3.0000000000000008e-05,
            "count": 2
        },
        "SoccerAgent.Policy.LearningRate.sum": {
            "value": 3e-05,
            "min": 3e-05,
            "max": 3.0000000000000008e-05,
            "count": 2
        },
        "SoccerAgent.Policy.Epsilon.mean": {
            "value": 0.2,
            "min": 0.2,
            "max": 0.20000000000000004,
            "count": 2
        },
        "SoccerAgent.Policy.Epsilon.sum": {
            "value": 0.2,
            "min": 0.2,
            "max": 0.20000000000000004,
            "count": 2
        },
        "SoccerAgent.Policy.Beta.mean": {
            "value": 0.005,
            "min": 0.005,
            "max": 0.005000000000000001,
            "count": 2
        },
        "SoccerAgent.Policy.Beta.sum": {
            "value": 0.005,
            "min": 0.005,
            "max": 0.005000000000000001,
            "count": 2
        }
    },
    "metadata": {
        "timer_format_version": "0.1.0",
        "start_time_seconds": "1672989977",
        "python_version": "3.9.7 (default, Sep 16 2021, 08:50:36) \n[Clang 10.0.0 ]",
        "command_line_arguments": "/opt/anaconda3/bin/mlagents-learn ./Assets/Configs/self_play.yaml --train --force",
        "mlagents_version": "0.30.0",
        "mlagents_envs_version": "0.30.0",
        "communication_protocol_version": "1.5.0",
        "pytorch_version": "1.11.0",
        "numpy_version": "1.21.2",
        "end_time_seconds": "1672990336"
    },
    "total": 358.90145341600004,
    "count": 1,
    "self": 0.008338125000022956,
    "children": {
        "run_training.setup": {
            "total": 0.073212791,
            "count": 1,
            "self": 0.073212791
        },
        "TrainerController.start_learning": {
            "total": 358.8199025,
            "count": 1,
            "self": 1.1090914230006206,
            "children": {
                "TrainerController._reset_env": {
                    "total": 17.014004625,
                    "count": 1,
                    "self": 17.014004625
                },
                "TrainerController.advance": {
                    "total": 340.4744591589994,
                    "count": 4005,
                    "self": 0.07367897999921524,
                    "children": {
                        "env_step": {
                            "total": 340.4007801790002,
                            "count": 4005,